,accuracy,precision,recall,f1,roc_auc
Logistic Regression,0.7412935323383084,0.5088967971530249,0.7647058823529411,0.6111111111111112,0.8234025811327788
SVM,0.7491115849324804,0.5193370165745856,0.7540106951871658,0.6150490730643402,0.8234388184561865
Random Forest,0.7427149964463398,0.5112781954887218,0.7272727272727273,0.6004415011037527,0.8285223972542461
CatBoost,0.7945984363894811,0.6384364820846905,0.5240641711229946,0.5756240822320118,0.8367456812875638
