,accuracy,precision,recall,f1_score,roc_auc
CatBoost,0.8038379530916845,0.6633333333333333,0.5320855614973262,0.5905044510385756,0.8415613627304306
